Workbook

Sheet Raw
A1: record_id | B1: month | C1: route_id | D1: hub | E1: promised_days | F1: actual_days | H1: Before row count (data rows)
A2: 1 | B2: Jan | C2: R1 | D2: Mumbai | E2: 2 | F2: 2 | H2: =COUNTA(A2:A14) -> 13
A3: 2 | B3: Jan | C3: R2 | D3: Chennai | E3: 3 | F3: 4
A4: 3 | B4: Jan | C4: R3 | D4: Delhi | E4: 5 | F4: 8 | H4: Orange row 14 = exact duplicate of record_id 12 (unchanged raw data).
A5: 4 | B5: Jan | C5: R4 | D5: Mumbai | E5: 6 | F5: 10
A6: 5 | B6: Feb | C6: R1 | D6: Chennai | E6: 2 | F6: 5
A7: 6 | B7: Feb | C7: R2 | D7: Delhi | E7: 3 | F7: 3
A8: 7 | B8: Feb | C8: R3 | D8: Delhi | E8: 5 | F8: 10
A9: 8 | B9: Feb | C9: R4 | D9: Chennai | E9: 6 | F9: 7
A10: 9 | B10: Mar | C10: R1 | D10: Delhi | E10: 2 | F10: 8
A11: 10 | B11: Mar | C11: R2 | D11: Mumbai | E11: 3 | F11: 5
A12: 11 | B12: Mar | C12: R3 | D12: Chennai | E12: 5 | F12: 5
A13: 12 | B13: Mar | C13: R4 | D13: Mumbai | E13: 6 | F13: 15
A14: 12 | B14: Mar | C14: R4 | D14: Mumbai | E14: 6 | F14: 15

Sheet Lookup
A1: route_id | B1: route | C1: service_type | E1: Lookup row count
A2: R1 | B2: Metro Link | C2: Express | E2: =COUNTA(A2:A5) -> 4
A3: R2 | B3: City Dash | C3: Express
A4: R3 | B4: Highway Freight | C4: Standard
A5: R4 | B5: Rural Feeder | C5: Standard

Sheet Clean
A1: record_id | B1: month | C1: route_id | D1: hub | E1: promised_days | F1: actual_days | G1: service_type | H1: delay_days | J1: Row counts
A2: 1 | B2: Jan | C2: R1 | D2: Mumbai | E2: 2 | F2: 2 | G2: =INDEX(Lookup!$C$2:$C$5,MATCH(C2,Lookup!$A$2:$A$5,0)) -> Express | H2: =MAX(F2-E2,0) -> 0 | J2: Before (Raw) | K2: =COUNTA(Raw!A2:A14) -> 13
A3: 2 | B3: Jan | C3: R2 | D3: Chennai | E3: 3 | F3: 4 | G3: =INDEX(Lookup!$C$2:$C$5,MATCH(C3,Lookup!$A$2:$A$5,0)) -> Express | H3: =MAX(F3-E3,0) -> 1 | J3: After (Clean) | K3: =COUNTA(A2:A13) -> 12
A4: 3 | B4: Jan | C4: R3 | D4: Delhi | E4: 5 | F4: 8 | G4: =INDEX(Lookup!$C$2:$C$5,MATCH(C4,Lookup!$A$2:$A$5,0)) -> Standard | H4: =MAX(F4-E4,0) -> 3 | J4: Duplicates removed | K4: =K2-K3 -> 1
A5: 4 | B5: Jan | C5: R4 | D5: Mumbai | E5: 6 | F5: 10 | G5: =INDEX(Lookup!$C$2:$C$5,MATCH(C5,Lookup!$A$2:$A$5,0)) -> Standard | H5: =MAX(F5-E5,0) -> 4 | J5: Unmatched route_id | K5: =SUMPRODUCT(--ISNA(MATCH(C2:C13,Lookup!A2:A5,0))) -> 0
A6: 5 | B6: Feb | C6: R1 | D6: Chennai | E6: 2 | F6: 5 | G6: =INDEX(Lookup!$C$2:$C$5,MATCH(C6,Lookup!$A$2:$A$5,0)) -> Express | H6: =MAX(F6-E6,0) -> 3
A7: 6 | B7: Feb | C7: R2 | D7: Delhi | E7: 3 | F7: 3 | G7: =INDEX(Lookup!$C$2:$C$5,MATCH(C7,Lookup!$A$2:$A$5,0)) -> Express | H7: =MAX(F7-E7,0) -> 0 | J7: service_type: INDEX/MATCH on Lookup (route_id key).
A8: 7 | B8: Feb | C8: R3 | D8: Delhi | E8: 5 | F8: 10 | G8: =INDEX(Lookup!$C$2:$C$5,MATCH(C8,Lookup!$A$2:$A$5,0)) -> Standard | H8: =MAX(F8-E8,0) -> 5 | J8: delay_days: =MAX(actual_days - promised_days, 0).
A9: 8 | B9: Feb | C9: R4 | D9: Chennai | E9: 6 | F9: 7 | G9: =INDEX(Lookup!$C$2:$C$5,MATCH(C9,Lookup!$A$2:$A$5,0)) -> Standard | H9: =MAX(F9-E9,0) -> 1 | J9: Types: record_id/days = numbers; month, route_id, hub = text.
A10: 9 | B10: Mar | C10: R1 | D10: Delhi | E10: 2 | F10: 8 | G10: =INDEX(Lookup!$C$2:$C$5,MATCH(C10,Lookup!$A$2:$A$5,0)) -> Express | H10: =MAX(F10-E10,0) -> 6
A11: 10 | B11: Mar | C11: R2 | D11: Mumbai | E11: 3 | F11: 5 | G11: =INDEX(Lookup!$C$2:$C$5,MATCH(C11,Lookup!$A$2:$A$5,0)) -> Express | H11: =MAX(F11-E11,0) -> 2
A12: 11 | B12: Mar | C12: R3 | D12: Chennai | E12: 5 | F12: 5 | G12: =INDEX(Lookup!$C$2:$C$5,MATCH(C12,Lookup!$A$2:$A$5,0)) -> Standard | H12: =MAX(F12-E12,0) -> 0
A13: 12 | B13: Mar | C13: R4 | D13: Mumbai | E13: 6 | F13: 15 | G13: =INDEX(Lookup!$C$2:$C$5,MATCH(C13,Lookup!$A$2:$A$5,0)) -> Standard | H13: =MAX(F13-E13,0) -> 9

Sheet Summary
A1: Delivery Delay Analysis - Summary
A3: Total delay_days by hub (SUMIFS)
A4: hub | B4: total_delay_days | D4: Highest-delay hub | E4: =INDEX(A5:A7,MATCH(MAX(B5:B7),B5:B7,0)) -> Mumbai
A5: Chennai | B5: =SUMIFS(Clean!$H$2:$H$13,Clean!$D$2:$D$13,A5) -> 5 | D5: (first alphabetical if tied)
A6: Delhi | B6: =SUMIFS(Clean!$H$2:$H$13,Clean!$D$2:$D$13,A6) -> 14
A7: Mumbai | B7: =SUMIFS(Clean!$H$2:$H$13,Clean!$D$2:$D$13,A7) -> 15
A8: Total | B8: =SUM(B5:B7) -> 34
A11: Total delay_days by service_type x month (live SUMIFS cross-tab - source for chart)
A12: service_type | B12: Jan | C12: Feb | D12: Mar | E12: Grand Total | G12: Check vs hub total
A13: Express | B13: =SUMIFS(Clean!$H$2:$H$13,Clean!$G$2:$G$13,$A13,Clean!$B$2:$B$13,B$12) -> 1 | C13: =SUMIFS(Clean!$H$2:$H$13,Clean!$G$2:$G$13,$A13,Clean!$B$2:$B$13,C$12) -> 3 | D13: =SUMIFS(Clean!$H$2:$H$13,Clean!$G$2:$G$13,$A13,Clean!$B$2:$B$13,D$12) -> 8 | E13: =SUM(B13:D13) -> 12 | G13: =IF(E15=B8,"OK - totals match","MISMATCH") -> OK - totals match
A14: Standard | B14: =SUMIFS(Clean!$H$2:$H$13,Clean!$G$2:$G$13,$A14,Clean!$B$2:$B$13,B$12) -> 7 | C14: =SUMIFS(Clean!$H$2:$H$13,Clean!$G$2:$G$13,$A14,Clean!$B$2:$B$13,C$12) -> 6 | D14: =SUMIFS(Clean!$H$2:$H$13,Clean!$G$2:$G$13,$A14,Clean!$B$2:$B$13,D$12) -> 9 | E14: =SUM(B14:D14) -> 22
A15: Grand Total | B15: =SUM(B13:B14) -> 8 | C15: =SUM(C13:C14) -> 9 | D15: =SUM(D13:D14) -> 17 | E15: =SUM(E13:E14) -> 34
A36: REAL PivotTable goes here (see steps): rows = service_type, columns = month (Jan, Feb, Mar), values = Sum of delay_days.
